<?xml version="1.0" encoding="utf-8"?>
<mario>

	<name>ChatServer</name>

	<datasources>
		<mongodb>
			<name>chat_mongodb</name>
			<endpoint>
				<entry>127.0.0.1:27017</entry>
			</endpoint>
			<credentials>
<!-- 				<entry> -->
<!-- 					<username>nho</username> -->
<!-- 					<password>123456</password> -->
<!-- 					<authdb>nho</authdb> -->
<!-- 				</entry> -->
			</credentials>
		</mongodb>
		<hazelcast>
			<name>nho_channel_hazelcast</name>
			<config>conf/hazelcast.xml</config>
<!-- 			<lazyinit>true</lazyinit> -->
			<member>true</member>
		</hazelcast>
	</datasources>

	<servers>
<!-- 		<http> -->
<!-- 			<name>chat_http_server</name> -->
<!-- 			<port>9304</port> -->
<!-- 			<options>no_sessions</options> -->
<!-- 		</http> -->
		<rabbitmq>
			<name>chat_rabbitmq_server</name>
<!-- 			<endpoint> -->
<!-- 				<entry>127.0.0.1:5672</entry> -->
<!-- 			</endpoint> -->
<!-- 			<credential> -->
<!-- 				<username>guest</username> -->
<!-- 				<password>guest</password> -->
<!-- 			</credential> -->
			<endpoint>
				<entry>139.162.5.38:5672</entry>
			</endpoint>
			<credential>
				<username>nho</username>
				<password>nho123</password>
			</credential>
			<autoreconnect>true</autoreconnect>
		</rabbitmq>
	</servers>

	<gateways>
		<rabbitmq>
			<name>chat_rabbitmq_gateway</name>
			<server>chat_rabbitmq_server</server>
			<queue>
				<type>rpc</type>
				<name>chat_queue</name>
				<autoack>true</autoack>
			</queue>
			<workerpool>
				<poolsize>8</poolsize>
				<ringbuffersize>2048</ringbuffersize>
				<threadnamepattern>Chat Worker #%d</threadnamepattern>
			</workerpool>
		</rabbitmq>
	</gateways>

	<lifecycles>
		<handler>
			<name>chat_handler</name>
			<handle>com.nho.chat.ChatHandler</handle>
			<bind>
				<gateway>chat_rabbitmq_gateway</gateway>
<!-- 				<gateway>chat_http_gateway</gateway> -->
			</bind>
			<variables>
				<variable name="mongodb" type="String">chat_mongodb</variable>
				<variable name="hazelcast" type="String">nho_messenger_hazelcast</variable>
			</variables>
		</handler>
	</lifecycles>
</mario>